bci,sequence,uid,well,stype,plate
1,AACGTGAT,pbs_1000,A1,L,1
2,AAACATCG,pbs_1001,A2,L,1
3,ATGCCTAA,pbs_1002,A3,L,1
4,AGTGGTCA,pbs_1003,A4,L,1
5,ACCACTGT,pbs_1004,A5,L,1
6,ACATTGGC,pbs_1005,A6,L,1
7,CAGATCTG,pbs_1006,A7,L,1
8,CATCAAGT,pbs_1007,A8,L,1
9,CGCTGATC,pbs_1008,A9,L,1
10,ACAAGCTA,pbs_1009,A10,L,1
11,CTGTAGCC,pbs_1010,A11,L,1
12,AGTACAAG,pbs_1011,A12,L,1
13,AACAACCA,pbs_1012,B1,L,1
14,AACCGAGA,pbs_1013,B2,L,1
15,AACGCTTA,pbs_1014,B3,L,1
16,AAGACGGA,pbs_1015,B4,L,1
17,AAGGTACA,pbs_1016,B5,L,1
18,ACACAGAA,pbs_1017,B6,L,1
19,ACAGCAGA,pbs_1018,B7,L,1
20,ACCTCCAA,pbs_1019,B8,L,1
21,ACGCTCGA,pbs_1020,B9,L,1
22,ACGTATCA,pbs_1021,B10,L,1
23,ACTATGCA,pbs_1022,B11,L,1
24,AGAGTCAA,pbs_1023,B12,L,1
25,AGATCGCA,pbs_1024,C1,L,1
26,AGCAGGAA,pbs_1025,C2,L,1
27,AGTCACTA,pbs_1026,C3,L,1
28,ATCCTGTA,pbs_1027,C4,L,1
29,ATTGAGGA,pbs_1028,C5,L,1
30,CAACCACA,pbs_1029,C6,L,1
31,GACTAGTA,pbs_1030,C7,L,1
32,CAATGGAA,pbs_1031,C8,L,1
33,CACTTCGA,pbs_1032,C9,L,1
34,CAGCGTTA,pbs_1033,C10,L,1
35,CATACCAA,pbs_1034,C11,L,1
36,CCAGTTCA,pbs_1035,C12,L,1
37,CCGAAGTA,pbs_1036,D1,L,1
38,CCGTGAGA,pbs_1037,D2,L,1
39,CCTCCTGA,pbs_1038,D3,L,1
40,CGAACTTA,pbs_1039,D4,L,1
41,CGACTGGA,pbs_1040,D5,L,1
42,CGCATACA,pbs_1041,D6,L,1
43,CTCAATGA,pbs_1042,D7,L,1
44,CTGAGCCA,pbs_1043,D8,L,1
45,CTGGCATA,pbs_1044,D9,L,1
46,GAATCTGA,pbs_1045,D10,L,1
47,CAAGACTA,pbs_1046,D11,L,1
48,GAGCTGAA,pbs_1047,D12,L,1
49,GATAGACA,pbs_1048,E1,L,1
50,GCCACATA,pbs_1049,E2,L,1
51,GCGAGTAA,pbs_1050,E3,L,1
52,GCTAACGA,pbs_1051,E4,L,1
53,GCTCGGTA,pbs_1052,E5,L,1
54,GGAGAACA,pbs_1053,E6,L,1
55,GGTGCGAA,pbs_1054,E7,L,1
56,GTACGCAA,pbs_1055,E8,L,1
57,GTCGTAGA,pbs_1056,E9,L,1
58,GTCTGTCA,pbs_1057,E10,L,1
59,GTGTTCTA,pbs_1058,E11,L,1
60,TAGGATGA,pbs_1059,E12,L,1
61,TATCAGCA,pbs_1060,F1,L,1
62,TCCGTCTA,pbs_1061,F2,L,1
63,TCTTCACA,pbs_1062,F3,L,1
64,TGAAGAGA,pbs_1063,F4,L,1
65,TGGAACAA,pbs_1064,F5,L,1
66,TGGCTTCA,pbs_1065,F6,L,1
67,TGGTGGTA,pbs_1066,F7,L,1
68,TTCACGCA,pbs_1067,F8,L,1
69,AACTCACC,pbs_1068,F9,L,1
70,AAGAGATC,pbs_1069,F10,L,1
71,AAGGACAC,pbs_1070,F11,L,1
72,AATCCGTC,pbs_1071,F12,L,1
73,AATGTTGC,pbs_1072,G1,L,1
74,ACACGACC,pbs_1073,G2,L,1
75,ACAGATTC,pbs_1074,G3,L,1
76,AGATGTAC,pbs_1075,G4,L,1
77,AGCACCTC,pbs_1076,G5,L,1
78,AGCCATGC,pbs_1077,G6,L,1
79,AGGCTAAC,pbs_1078,G7,L,1
80,ATAGCGAC,pbs_1079,G8,L,1
81,ATCATTCC,pbs_1080,G9,L,1
82,ATTGGCTC,pbs_1081,G10,L,1
83,CAAGGAGC,pbs_1082,G11,L,1
84,CACCTTAC,pbs_1083,G12,L,1
85,CCATCCTC,pbs_1084,H1,L,1
86,CCGACAAC,pbs_1085,H2,L,1
87,CCTAATCC,pbs_1086,H3,L,1
88,CCTCTATC,pbs_1087,H4,L,1
89,CGACACAC,pbs_1088,H5,L,1
90,CGGATTGC,pbs_1089,H6,L,1
91,CTAAGGTC,pbs_1090,H7,L,1
92,GAACAGGC,pbs_1091,H8,L,1
93,GACAGTGC,pbs_1092,H9,L,1
94,GAGTTAGC,pbs_1093,H10,L,1
95,GATGAATC,pbs_1094,H11,L,1
96,GCCAAGAC,pbs_1095,H12,L,1
97,TTCCAACG,pbs_1421,A1,L,2
98,TCGGTAAG,pbs_1422,A2,L,2
99,ACCTGGTG,pbs_1423,A3,L,2
100,GGCAATCG,pbs_1424,A4,L,2
101,GTCTTGGT,pbs_1425,A5,L,2
102,CTTCAGGT,pbs_1426,A6,L,2
103,AGAACGCT,pbs_1427,A7,L,2
104,TCCGAACC,pbs_1428,A8,L,2
105,ACTGTGCT,pbs_1429,A9,L,2
106,ATAACCTT,pbs_1430,A10,L,2
107,AGCCTCTT,pbs_1431,A11,L,2
108,CTTCGTAA,pbs_1432,A12,L,2
109,GTAACTAA,pbs_1433,B1,L,2
110,GCGTGTTG,pbs_1434,B2,L,2
111,CACCAATA,pbs_1435,B3,L,2
112,GGCTATCC,pbs_1436,B4,L,2
113,AATGGTAT,pbs_1437,B5,L,2
114,TCGCCAAG,pbs_1438,B6,L,2
115,GCTGGACT,pbs_1439,B7,L,2
116,AATAAGCC,pbs_1440,B8,L,2
117,GCAACCGA,pbs_1441,B9,L,2
118,CGTGTGAA,pbs_1442,B10,L,2
119,GCCTTACG,pbs_1443,B11,L,2
120,CGGTCTCT,pbs_1444,B12,L,2
121,GCATATAC,pbs_1445,C1,L,2
122,TGTCGGCT,pbs_1446,C2,L,2
123,GCAGGTTA,pbs_1447,C3,L,2
124,TAAGTATC,pbs_1448,C4,L,2
125,TCGCATTC,pbs_1449,C5,L,2
126,TGCCTTGA,pbs_1450,C6,L,2
127,CGTCCTTC,pbs_1451,C7,L,2
128,GGTGTACT,pbs_1452,C8,L,2
129,ATCTACGG,pbs_1453,C9,L,2
130,GCCAGCTT,pbs_1454,C10,L,2
131,TAATCGAG,pbs_1455,C11,L,2
132,CTATTGAT,pbs_1456,C12,L,2
133,ACCATGAA,pbs_1457,D1,L,2
134,GATATGTT,pbs_1458,D2,L,2
135,TACAAGGC,pbs_1459,D3,L,2
136,ACTTAACG,pbs_1460,D4,L,2
137,TCTTGGAG,pbs_1461,D5,L,2
138,TGCAACTT,pbs_1462,D6,L,2
139,AGTTGGCC,pbs_1463,D7,L,2
140,GTCACAAT,pbs_1464,D8,L,2
141,TATTCCGA,pbs_1465,D9,L,2
142,CCAGAGAT,pbs_1466,D10,L,2
143,ATTATAGC,pbs_1467,D11,L,2
144,TTGTGAAG,pbs_1468,D12,L,2
145,TTACACGT,pbs_1469,E1,L,2
146,CATTATGT,pbs_1470,E2,L,2
147,CTCTTAAC,pbs_1260,E3,L,2
148,GATCCAGT,pbs_1471,E4,L,2
149,CAATATCT,pbs_1472,E5,L,2
150,CTCCATAT,pbs_1473,E6,L,2
151,AGCTAGGT,pbs_1474,E7,L,2
152,CCTGCCAT,pbs_1475,E8,L,2
153,GGTAATTA,pbs_1476,E9,L,2
154,TGCGCATC,pbs_1477,E10,L,2
155,ATCGAATT,pbs_1478,E11,L,2
156,ACTACTTG,pbs_1479,E12,L,2
157,TACATTGT,pbs_1480,F1,L,2
158,ATCAGCAG,pbs_1481,F2,L,2
159,TGTAGATT,pbs_1482,F3,L,2
160,ATACAATG,pbs_1483,F4,L,2
161,TTGGCCAC,pbs_1484,F5,L,2
162,GTCCTCAC,pbs_1485,F6,L,2
163,ATATATGG,pbs_1486,F7,L,2
164,GAATTCAT,pbs_1487,F8,L,2
165,TTGCACCA,pbs_1488,F9,L,2
166,TCCACCAG,pbs_1489,F10,L,2
167,TAACTGCA,pbs_1490,F11,L,2
168,TTGAGTGG,pbs_1491,F12,L,2
169,TGGACATT,pbs_1492,G1,L,2
170,TGGTATAG,pbs_1493,G2,L,2
171,CCAATTAC,pbs_1494,G3,L,2
172,TTCATGTG,pbs_1495,G4,L,2
173,CCTGTATA,pbs_1496,G5,L,2
174,GTACTTCT,pbs_1497,G6,L,2
175,TATAGGTT,pbs_1498,G7,L,2
176,GATACTGC,pbs_1499,G8,L,2
177,AATTCAAC,pbs_1500,G9,L,2
178,AGGTAGTT,pbs_1501,G10,L,2
179,TAACCTGT,pbs_1502,G11,L,2
180,AAGCTTGG,pbs_1503,G12,L,2
181,TCTACGCC,pbs_1504,H1,L,2
182,TATGCTAT,pbs_1505,H2,L,2
183,TTCTGAGC,pbs_1506,H3,L,2
184,AACCAGAT,pbs_1507,H4,L,2
185,GGTTACAT,pbs_1508,H5,L,2
186,CCTTACTC,pbs_1509,H6,L,2
187,CTAGTAAT,pbs_1510,H7,L,2
188,TGTTATTG,pbs_1511,H8,L,2
189,GCCGGATA,pbs_1512,H9,L,2
190,ACATGATT,pbs_1513,H10,L,2
191,GCTATAAT,pbs_1514,H11,L,2
192,CCTTGTGT,pbs_1515,H12,L,2